.notdef	.notdef
space	space	uni0020,uni00A0
A	A
B	B
C	C
D	D
E	E
F	F
G	G
H	H
I	I
J	J
K	K
L	L
M	M
N	N
O	O
P	P
Q	Q
R	R
S	S
T	T
U	U
V	V
W	W
X	X
Y	Y
Z	Z
a	a
b	b
c	c
d	d
e	e
f	f
g	g
h	h
i	i
j	j
k	k
l	l
m	m
n	n
o	o
p	p
q	q
r	r
s	s
t	t
u	u
v	v
w	w
x	x
y	y
z	z
Agrave	Agrave
Aacute	Aacute
Acircumflex	Acircumflex
Atilde	Atilde
Adieresis	Adieresis
Aring	Aring
Amacron	Amacron
Abreve	Abreve
uni0226	Adot
uni01CD	Acaron
uni0200	Adblgrave
Aogonek	Aogonek
Aogonek.d	Aogonek.d
uni1EA0	Adotbelow
uni1EA2	Ahoi
uni1EA4	Acircumflexacute
uni1EA6	Acircumflexgrave
uni1EA8	Acircumflexhoi
uni1EAA	Acircumflextilde
uni1EAC	Acircumflexdotbelow
uni1EAE	Abreveacute
uni1EB0	Abrevegrave
uni1EB2	Abrevehoi
uni1EB4	Abrevetilde
uni1EB6	Abrevedotbelow
Aringacute	Aringacute
AE	AE
AEacute	AEacute
uni01E2	AEmacron
uni023A	Astroke
uni0243	Bstroke
uni0181	Bhook
uni1E02	Bdotaccent
uni1E06	Blinebelow
Ccedilla	Ccedilla
Cacute	Cacute
Ccircumflex	Ccircumflex
Cdotaccent	Cdotaccent
Ccaron	Ccaron
uni023B	Cstroke
uni1E0A	Ddotaccent
Dcaron	Dcaron
uni1E0C	Ddotbelow
uni1E0E	Dlinebelow
uni1E10	Dcedilla
Dcroat	Dcroat
uni018A	Dhook
Egrave	Egrave
Eacute	Eacute
Ecircumflex	Ecircumflex
uni1EBC	Etilde
Edieresis	Edieresis
Emacron	Emacron
Ebreve	Ebreve
Edotaccent	Edotaccent
Ecaron	Ecaron
uni0204	Edblgrave
Eogonek	Eogonek
Eogonek.d	Eogonek.d
uni1EB8	Edotbelow
uni1EBA	Ehoi
uni1EBE	Ecircumflexacute
uni1EC0	Ecircumflexgrave
uni1EC2	Ecircumflexhoi
uni1EC4	Ecircumflextilde
uni1EC6	Ecircumflexdotbelow
uni1E16	Emacronacute
uni018E	Eturned
uni0190	Eopen
uni1E1E	Fdotaccent
uni01F4	Gacute
Gcircumflex	Gcircumflex
uni1E20	Gmacron
Gbreve	Gbreve
Gdotaccent	Gdotaccent
Gcaron	Gcaron
uni0122	Gcommaaccent
uni01E4	Gstroke
uni00470303	Gtilde
uni0193	Ghook
Hcircumflex	Hcircumflex
uni1E26	Hdieresis
uni1E22	Hdot
uni021E	Hcaron
uni1E24	Hdotbelow
uni1E28	Hcedilla
uni1E2A	Hbrevebelow
uni1E96.c	Hlinebelow
Hbar	Hbar
Igrave	Igrave
Iacute	Iacute
Icircumflex	Icircumflex
Itilde	Itilde
Idieresis	Idieresis
Imacron	Imacron
Ibreve	Ibreve
Idotaccent	Idotaccent
uni01CF	Icaron
uni0208	Idblgrave
Iogonek	Iogonek
uni1EC8	Ihoi
uni1ECA	Idotbelow
uni0197	Istroke
IJ	IJ
Jcircumflex	Jcircumflex
uni004A030C	Jcaron
uni0248	Jstroke
uni0136	Kcommaaccent
uni1E32	Kdotbelow
uni1E34	Klinebelow
Lacute	Lacute
Lcaron	Lcaron
uni013B	Lcommaaccent
uni1E36	Ldotbelow
uni1E38	Ldotbelowmacron
uni1E3A	Llinebelow
Lslash	Lslash
uni023D	Lbar
uni2C60	Lbardbl
uni2C62	Lmiddletilde
uniA7AD	Lbelt
Ldot	Ldot
uni1E3E	Macute
uni1E40	Mdotaccent
uni1E42	Mdotbelow
uni01F8	Ngrave
Nacute	Nacute
Ncaron	Ncaron
Ntilde	Ntilde
uni1E44	Ndotaccent
uni0145	Ncommaaccent
uni1E46	Ndotbelow
uni1E48	Nlinebelow
Eng	Eng
uni0220	Nlong
Ograve	Ograve
Oacute	Oacute
Ocircumflex	Ocircumflex
Otilde	Otilde
Odieresis	Odieresis
Omacron	Omacron
Obreve	Obreve
Ohungarumlaut	Ohungarumlaut
uni01D1	Ocaron
uni020C	Odblgrave
uni01EA	Oogonek
uni1ECC	Odotbelow
uni1ECE	Ohoi
uni1ED0	Ocircumflexacute
uni1ED2	Ocircumflexgrave
uni1ED4	Ocircumflexhoi
uni1ED6	Ocircumflextilde
uni1ED8	Ocircumflexdotbelow
uni1E52	Omacronacute
Oslash	Oslash
Oslashacute	Oslashacute
OE	OE
uni0245	Vturned
uni0186	Oopen
uniA74E	OO
uni0222	OU
Ohorn	Ohorn
uni1EDA	Ohornacute
uni1EDC	Ohorngrave
uni1EDE	Ohornhoi
uni1EE0	Ohorntilde
uni1EE2	Ohorndotbelow
uni1E56	Pdotaccent
Racute	Racute
Rcaron	Rcaron
uni1E58	Rdotaccent
uni0156	Rcommaaccent
uni1E5A	Rdotbelow
uni1E5C	Rdotbelowmacron
uni1E5E	Rlinebelow
Sacute	Sacute
Scircumflex	Scircumflex
uni1E60	Sdotaccent
Scaron	Scaron
uni015E	Scedilla
uni0218	Scommaaccent
uni1E62	Sdotbelow
uni1E66	Scarondot
uni1E9E	Germandbls
Tcaron	Tcaron
uni1E6A	Tdotaccent
uni0162	Tcedilla
uni021A	Tcommaaccent
uni1E6C	Tdotbelow
uni1E6E	Tlinebelow
uni1E97.c	Tdieresis
Tbar	Tbar
uni023E	Tstroke
Ugrave	Ugrave
Uacute	Uacute
Ucircumflex	Ucircumflex
Utilde	Utilde
Udieresis	Udieresis
Umacron	Umacron
Ubreve	Ubreve
Uring	Uring
Uhungarumlaut	Uhungarumlaut
uni01D3	Ucaron
Uogonek	Uogonek
uni01D5	Udieresismacron
uni01D7	Udieresisacute
uni01D9	Udieresiscaron
uni01DB	Udieresisgrave
uni1E72	Udieresisbelow
uni1EE4	Udotbelow
uni0244	Ubar
uni1EE6	Uhoi
Uhorn	Uhorn
uni1EE8	Uhornacute
uni1EEA	Uhorngrave
uni1EEC	Uhornhoi
uni1EEE	Uhorntilde
uni1EF0	Uhorndotbelow
uni1E7E	Vdotbelow
Wgrave	Wgrave
Wacute	Wacute
Wcircumflex	Wcircumflex
Wdieresis	Wdieresis
Ygrave	Ygrave
Yacute	Yacute
Ycircumflex	Ycircumflex
uni1EF8	Ytilde
Ydieresis	Ydieresis
uni1E8E	Ydotaccent
uni1EF4	Ydotbelow
uni1EF6	Yhoi
Zacute	Zacute
uni1E90	Zcircumflex
Zdotaccent	Zdotaccent
Zcaron	Zcaron
uni1E92	Zdotbelow
uni1E94	Zlinebelow
Eth	Eth
Thorn	Thorn
uni01F7	Wynn
uni021C	Yogh
uni01B7	Ezh
uni01EE	Ezhcaron
uni018F	Schwa
uniA779	Dinsular
uniA77B	Finsular
uniA77D	Ginsular
uniA77E	Ginsularturned
uniA780	Lturned
uniA782	Rinsular
uniA75A	Rrotunda
uniA784	Sinsular
uniA786	Tinsular
uni0194	Gammalatin
uni0196	Iotalatin
uni039B.l	Lambda.latin
uni01B1	Upsilonlatin
uniA7B3	Chilatin
uni0241	Glottalstop
uniA722	AlefEgypt
uniA724	AinEgypt
uni004C00B7004C	Lgeminada
uni01320301	IJacute
uni01040301	Aogonekacute
uni01180301	Eogonekacute
uni012E0301	Iogonekacute
uni01EA0301	Oogonekacute
uni01720301	Uogonekacute
uni01900328	Eopenogonek
uni019B.c	Lambdabar
agrave	agrave
aacute	aacute
acircumflex	acircumflex
atilde	atilde
adieresis	adieresis
aring	aring
amacron	amacron
abreve	abreve
uni0227	adot
uni01CE	acaron
uni0201	adblgrave
aogonek	aogonek
aogonek.d	aogonek.d
uni1EA1	adotbelow
uni1EA3	ahoi
uni1EA5	acircumflexacute
uni1EA7	acircumflexgrave
uni1EA9	acircumflexhoi
uni1EAB	acircumflextilde
uni1EAD	acircumflexdotbelow
uni1EAF	abreveacute
uni1EB1	abrevegrave
uni1EB3	abrevehoi
uni1EB5	abrevetilde
uni1EB7	abrevedotbelow
aringacute	aringacute
ae	ae
aeacute	aeacute
uni01E3	aemacron
uni2C65	astroke
uni0180	bstroke
uni0253	bhook
uni1E03	bdotaccent
uni1E07	blinebelow
ccedilla	ccedilla
cacute	cacute
ccircumflex	ccircumflex
cdotaccent	cdotaccent
ccaron	ccaron
uni023C	cstroke
uni1E0B	ddotaccent
dcaron	dcaron
uni1E0D	ddotbelow
uni1E0F	dlinebelow
uni1E11	dcedilla
dcroat	dcroat
egrave	egrave
eacute	eacute
ecircumflex	ecircumflex
uni1EBD	etilde
edieresis	edieresis
emacron	emacron
ebreve	ebreve
edotaccent	edotaccent
ecaron	ecaron
uni0205	edblgrave
eogonek	eogonek
eogonek.d	eogonek.d
uni1EB9	edotbelow
uni1EBB	ehoi
uni1EBF	ecircumflexacute
uni1EC1	ecircumflexgrave
uni1EC3	ecircumflexhoi
uni1EC5	ecircumflextilde
uni1EC7	ecircumflexdotbelow
uni1E17	emacronacute
uni01DD	eturned
uni1E1F	fdotaccent
uni01F5	gacute
gcircumflex	gcircumflex
uni1E21	gmacron
gbreve	gbreve
gdotaccent	gdotaccent
gcaron	gcaron
uni0123	gcommaaccent
uni01E5	gstroke
uni00670303	gtilde
uni0260	ghook
hcircumflex	hcircumflex
uni1E27	hdieresis
uni1E23	hdot
uni021F	hcaron
uni1E25	hdotbelow
uni1E29	hcedilla
uni1E2B	hbrevebelow
uni1E96	hlinebelow
hbar	hbar
igrave	igrave
iacute	iacute
icircumflex	icircumflex
itilde	itilde
idieresis	idieresis
imacron	imacron
ibreve	ibreve
uni1ECB	idotbelow
uni01D0	icaron
uni0209	idblgrave
iogonek	iogonek
uni1EC9	ihoi
uni0268	istroke
dotlessi	dotlessi
ij	ij
jcircumflex	jcircumflex
uni01F0	jcaron
uni0249	jstroke
uni0237	dotlessj
uni0137	kcommaaccent
uni1E33	kdotbelow
uni1E35	klinebelow
kgreenlandic	kgreenlandic
lacute	lacute
lcaron	lcaron
uni013C	lcommaaccent
uni1E37	ldotbelow
uni1E39	ldotbelowmacron
uni1E3B	llinebelow
lslash	lslash
uni019A	lbar
uni2C61	lbardbl
uni026B	lmiddletilde
uni026C	lbelt
ldot	ldot
uni1E3F	macute
uni1E41	mdotaccent
uni1E43	mdotbelow
uni01F9	ngrave
nacute	nacute
ncaron	ncaron
ntilde	ntilde
uni1E45	ndotaccent
uni0146	ncommaaccent
uni1E47	ndotbelow
uni1E49	nlinebelow
napostrophe	napostrophe
eng	eng
uni019E	nlong
ograve	ograve
oacute	oacute
ocircumflex	ocircumflex
otilde	otilde
odieresis	odieresis
omacron	omacron
obreve	obreve
ohungarumlaut	ohungarumlaut
uni01D2	ocaron
uni020D	odblgrave
uni01EB	oogonek
uni1ECD	odotbelow
uni1ECF	ohoi
uni1ED1	ocircumflexacute
uni1ED3	ocircumflexgrave
uni1ED5	ocircumflexhoi
uni1ED7	ocircumflextilde
uni1ED9	ocircumflexdotbelow
uni1E53	omacronacute
oslash	oslash
oslashacute	oslashacute
oe	oe
uni028C	vturned
uni0254	oopen
uniA74F	oo
uni0223	ou
ohorn	ohorn
uni1EDB	ohornacute
uni1EDD	ohorngrave
uni1EDF	ohornhoi
uni1EE1	ohorntilde
uni1EE3	ohorndotbelow
uni1E57	pdotaccent
racute	racute
rcaron	rcaron
uni1E59	rdotaccent
uni0157	rcommaaccent
uni1E5B	rdotbelow
uni1E5D	rdotbelowmacron
uni1E5F	rlinebelow
sacute	sacute
scircumflex	scircumflex
uni1E61	sdotaccent
scaron	scaron
uni015F	scedilla
uni0219	scommaaccent
uni1E63	sdotbelow
uni1E67	scarondot
germandbls	germandbls
longs	longs
tcaron	tcaron
uni1E6B	tdotaccent
uni0163	tcedilla
uni021B	tcommaaccent
uni1E6D	tdotbelow
uni1E6F	tlinebelow
uni1E97	tdieresis
tbar	tbar
uni2C66	tstroke
ugrave	ugrave
uacute	uacute
ucircumflex	ucircumflex
utilde	utilde
udieresis	udieresis
umacron	umacron
ubreve	ubreve
uring	uring
uhungarumlaut	uhungarumlaut
uni01D4	ucaron
uogonek	uogonek
uogonek.d	uogonek.d
uni01D6	udieresismacron
uni01D8	udieresisacute
uni01DA	udieresiscaron
uni01DC	udieresisgrave
uni1E73	udieresisbelow
uni1EE5	udotbelow
uni1EE7	uhoi
uhorn	uhorn
uni1EE9	uhornacute
uni1EEB	uhorngrave
uni1EED	uhornhoi
uni1EEF	uhorntilde
uni1EF1	uhorndotbelow
uni1E7F	vdotbelow
wgrave	wgrave
wacute	wacute
wcircumflex	wcircumflex
wdieresis	wdieresis
ygrave	ygrave
yacute	yacute
ycircumflex	ycircumflex
uni1EF9	ytilde
ydieresis	ydieresis
uni1E8F	ydotaccent
uni1EF5	ydotbelow
uni1EF7	yhoi
zacute	zacute
uni1E91	zcircumflex
zdotaccent	zdotaccent
zcaron	zcaron
uni1E93	zdotbelow
uni1E95	zlinebelow
eth	eth
thorn	thorn
uni01BF	wynn
uni021D	yogh
uni0292	ezh
uni01EF	ezhcaron
uni0259	schwa
uniA77A	dinsular
uniA77C	finsular
uni1D79	ginsular
uniA77F	ginsularturned
uniA781	lturned
uniA783	rinsular
uniA75B	rrotunda
uniA785	sinsular
uniA787	tinsular
uni0242	glottalstoplatin
uniA723	alefEgypt
uniA725	ainEgypt
uni006C00B7006C	lgeminada
uni01330301	ijacute
uni01050301	aogonekacute
uni01190301	eogonekacute
uni012F0301	iogonekacute
uni01EB0301	oogonekacute
uni01730301	uogonekacute
uni025B0328	eopenogonek
uni0250	aturned
uni0251	alphalatin
uni0252	alphalatinturned
uni0299	bsmall
uniA7B5	betalatin
uni0255	ccurl
uniAB53	chilatin
uni0256	dtail
uni0257	dhook
uni02A3	dzed
uni02A4	dezh
uni02A5	dzcurl
uniAB66	dzretroflex
uni1E9F	deltalatin
uni018D	deltalatinturned
uni0258	ereversed
uni025A	schwahookrhotic
uni025B	eopen
uni025C	eopenreversed
uni025D	eopenreversedrhotic
uni025E	eopenreversedclosed
uni025F	dotlessjstroke
uni0261	gscript
uni0262	gsmall
uni0263	gammalatin
uni029B	gsmallhook
uni0265	hturned
uni0266	hhook
uni0267	henghook
uni029C	hsmall
uni026A	ismall
uni1D7B	ismallstroke
uni0269	iotalatin
uni029D	jcrossedtail
uni029E	kturned
uni026D	lretroflex
uni026E	lezh
uni029F	lsmall
uni03BB.l	lambda.latin
uni019B	lambdabar
uni026F	mturned
uni0270	mlonglegturned
uni0271	mhook
uni1D6F	mmiddletilde
uni0272	nhookleft
uni0273	nretroflex
uni1D70	nmiddletilde
uni0274	nsmall
uni0264	ramshorn
uni0275	obar
uni0276	oesmall
uni0277	omegalatinclosed
uni0278	philatin
uni0279	rturned
uni027A	rlonglegturned
uni027B	rhookturned
uni027D	rtail
uni027E	rfishhook
uni0280	rsmall
uni0281	rsmallinverted
uni0282	shook
uni0283	esh
uni0284	dotlessjstrokehook
uni0287	tturned
uni0288	tretroflex
uni02A6	ts
uni02A7	tesh
uni02A8	tccurl
uniAB67	tshook
uni03B8.l	theta.latin
uni0289	ubar
uni028A	upsilonlatin
uni1D7F	upsilonstroke
uni028B	vhook
uni2C71	vhookright
uni028D	wturned
uni028E	yturned
uni028F	ysmall
uni0290	zretroflex
uni0291	zcurl
uni1D25	ain
uni0294	glottalstop
uni0295	glottalstopreversed
uni02A1	glottalstopstroke
uni02A2	glottalstopstrokereversed
uni01C0	clickdental
uni01C1	clicklateral
uni01C2	clickalveolar
uni01C3	clickretroflex
uni0298	clickbilabial
uni027F	apicaldental
uni0285	apicalretroflex
ampersand	ampersand
uni204A	ettironian
uni2E52	Ettironian
uniA764	That
uniA765	that
f_f	f_f	uniFB00
f_f_i	f_f_i	uniFB03
f_f_l	f_f_l	uniFB04
f_t	f_t
f_f_t	f_f_t
uniA7AE	I.a
Igrave.a	Igrave.a
Iacute.a	Iacute.a
Icircumflex.a	Icircumflex.a
Itilde.a	Itilde.a
Idieresis.a	Idieresis.a
Imacron.a	Imacron.a
Ibreve.a	Ibreve.a
Idotaccent.a	Idotaccent.a
uni01CF.a	Icaron.a
uni0208.a	Idblgrave.a
Iogonek.a	Iogonek.a
uni012E0301.a	Iogonekacute.a
uni1EC8.a	Ihoi.a
uni1ECA.a	Idotbelow.a
uni0197.a	Istroke.a
Eng.a	Eng.a
uni0196.a	Iotalatin.a
a.a	a.a
agrave.a	agrave.a
aacute.a	aacute.a
acircumflex.a	acircumflex.a
atilde.a	atilde.a
adieresis.a	adieresis.a
aring.a	aring.a
amacron.a	amacron.a
abreve.a	abreve.a
uni01CE.a	acaron.a
uni0201.a	adblgrave.a
aogonek.a	aogonek.a
aogonek.e	aogonek.e
uni0227.a	adot.a
uni1EA1.a	adotbelow.a
uni1EA3.a	ahoi.a
uni1EA5.a	acircumflexacute.a
uni1EA7.a	acircumflexgrave.a
uni1EA9.a	acircumflexhoi.a
uni1EAB.a	acircumflextilde.a
uni1EAD.a	acircumflexdotbelow.a
uni1EAF.a	abreveacute.a
uni1EB1.a	abrevegrave.a
uni1EB3.a	abrevehoi.a
uni1EB5.a	abrevetilde.a
uni1EB7.a	abrevedotbelow.a
aringacute.a	aringacute.a
uni2C65.a	astroke.a
uni01050301.a	aogonekacute.a
a.b	a.b
agrave.b	agrave.b
aacute.b	aacute.b
acircumflex.b	acircumflex.b
atilde.b	atilde.b
adieresis.b	adieresis.b
aring.b	aring.b
amacron.b	amacron.b
abreve.b	abreve.b
uni0227.b	adot.b
uni01CE.b	acaron.b
uni0201.b	adblgrave.b
aogonek.b	aogonek.b
aogonek.f	aogonek.f
uni1EA1.b	adotbelow.b
uni1EA3.b	ahoi.b
uni1EA5.b	acircumflexacute.b
uni1EA7.b	acircumflexgrave.b
uni1EA9.b	acircumflexhoi.b
uni1EAB.b	acircumflextilde.b
uni1EAD.b	acircumflexdotbelow.b
uni1EAF.b	abreveacute.b
uni1EB1.b	abrevegrave.b
uni1EB3.b	abrevehoi.b
uni1EB5.b	abrevetilde.b
uni1EB7.b	abrevedotbelow.b
aringacute.b	aringacute.b
uni2C65.b	astroke.b
uni01050301.b	aogonekacute.b
uni0250.b	aturned.b
g.a	g.a
uni01F5.a	gacute.a
gcircumflex.a	gcircumflex.a
uni1E21.a	gmacron.a
gbreve.a	gbreve.a
gdotaccent.a	gdotaccent.a
gcaron.a	gcaron.a
uni0123.a	gcommaaccent.a
uni00670303.a	gtilde.a
l.a	l.a
lacute.a	lacute.a
lcaron.a	lcaron.a
uni013C.a	lcommaaccent.a
uni1E37.a	ldotbelow.a
uni1E39.a	ldotbelowmacron.a
uni1E3B.a	llinebelow.a
lslash.a	lslash.a
uni019A.a	lbar.a
uni2C60.a	lbardbl.a
uni026B.a	lmiddletilde.a
ldot.a	ldot.a
uni006C00B7006C.a	lgeminada.a
fl.a	fl.a
uni01310328	iogonek.x
uni01310335	istroke.x
uni029D.x	jcrossedtail.x
Alpha	Alpha
Beta	Beta
Gamma	Gamma
Delta	Delta	uni0394,uni2206
Epsilon	Epsilon
Zeta	Zeta
Eta	Eta
Theta	Theta
Iota	Iota
Kappa	Kappa
Lambda	Lambda
Mu	Mu
Nu	Nu
Xi	Xi
Omicron	Omicron
Pi	Pi
Rho	Rho
Sigma	Sigma
Tau	Tau
Upsilon	Upsilon
Phi	Phi
Chi	Chi
Psi	Psi
Omega	Omega	uni03A9,uni2126
uni03F7	Sho
Alphatonos	Alphatonos
Epsilontonos	Epsilontonos
Etatonos	Etatonos
Iotatonos	Iotatonos
Iotadieresis	Iotadieresis
Omicrontonos	Omicrontonos
Upsilontonos	Upsilontonos
Upsilondieresis	Upsilondieresis
Omegatonos	Omegatonos
alpha	alpha
beta	beta
gamma	gamma
delta	delta
epsilon	epsilon
zeta	zeta
eta	eta
theta	theta
iota	iota
kappa	kappa
lambda	lambda
mu	mu	uni03BC,uni00B5
nu	nu
xi	xi
omicron	omicron
pi	pi
rho	rho
sigma	sigma
tau	tau
upsilon	upsilon
phi	phi	uni03C6,uni03D5
chi	chi
psi	psi
omega	omega
uni03C2	sigma.end
uni03D9	koppa
uni03DB	stigma
uni03DD	digamma
uni03E1	sampi
uni03F8	sho
uni03F4	Theta.a
uni03D0	beta.a
uni03D1	theta.a
phi.a	phi.a
alphatonos	alphatonos
epsilontonos	epsilontonos
etatonos	etatonos
iotatonos	iotatonos
iotadieresis	iotadieresis
omicrontonos	omicrontonos
upsilontonos	upsilontonos
upsilondieresis	upsilondieresis
omegatonos	omegatonos
iotadieresistonos	iotadieresistonos
upsilondieresistonos	upsilondieresistonos
uni1F08	Alphalenis
uni1F09	Alphaasper
uni1FBA	Alphagrave
uni1FBB	Alphaacute
uni1F0A	Alphalenisgrave
uni1F0B	Alphaaspergrave
uni1F0C	Alphalenisacute
uni1F0D	Alphaasperacute
uni1F0E	Alphalenistilde
uni1F0F	Alphaaspertilde
uni1FB8	Alphabreve
uni1FB9	Alphamacron
uni1F18	Epsilonlenis
uni1F19	Epsilonasper
uni1FC8	Epsilongrave
uni1FC9	Epsilonacute
uni1F1A	Epsilonlenisgrave
uni1F1B	Epsilonaspergrave
uni1F1C	Epsilonlenisacute
uni1F1D	Epsilonasperacute
uni1F28	Etalenis
uni1F29	Etaasper
uni1FCA	Etagrave
uni1FCB	Etaacute
uni1F2A	Etalenisgrave
uni1F2B	Etaaspergrave
uni1F2C	Etalenisacute
uni1F2D	Etaasperacute
uni1F2E	Etalenistilde
uni1F2F	Etaaspertilde
uni1F38	Iotalenis
uni1F39	Iotaasper
uni1FDA	Iotagrave
uni1FDB	Iotaacute
uni1F3A	Iotalenisgrave
uni1F3B	Iotaaspergrave
uni1F3C	Iotalenisacute
uni1F3D	Iotaasperacute
uni1F3E	Iotalenistilde
uni1F3F	Iotaaspertilde
uni1FD8	Iotabreve
uni1FD9	Iotamacron
uni1F48	Omicronlenis
uni1F49	Omicronasper
uni1FF8	Omicrongrave
uni1FF9	Omicronacute
uni1F4A	Omicronlenisgrave
uni1F4B	Omicronaspergrave
uni1F4C	Omicronlenisacute
uni1F4D	Omicronasperacute
uni1FEC	Rhoasper
uni1F59	Upsilonasper
uni1FEA	Upsilongrave
uni1FEB	Upsilonacute
uni1F5B	Upsilonaspergrave
uni1F5D	Upsilonasperacute
uni1F5F	Upsilonaspertilde
uni1FE8	Upsilonbreve
uni1FE9	Upsilonmacron
uni1F68	Omegalenis
uni1F69	Omegaasper
uni1FFA	Omegagrave
uni1FFB	Omegaacute
uni1F6A	Omegalenisgrave
uni1F6B	Omegaaspergrave
uni1F6C	Omegalenisacute
uni1F6D	Omegaasperacute
uni1F6E	Omegalenistilde
uni1F6F	Omegaaspertilde
uni1FBC	Alphaiotasub
uni1F88	Alphaiotasublenis
uni1F89	Alphaiotasubasper
uni1F8A	Alphaiotasublenisgrave
uni1F8B	Alphaiotasubaspergrave
uni1F8C	Alphaiotasublenisacute
uni1F8D	Alphaiotasubasperacute
uni1F8E	Alphaiotasublenistilde
uni1F8F	Alphaiotasubaspertilde
uni1FCC	Etaiotasub
uni1F98	Etaiotasublenis
uni1F99	Etaiotasubasper
uni1F9A	Etaiotasublenisgrave
uni1F9B	Etaiotasubaspergrave
uni1F9C	Etaiotasublenisacute
uni1F9D	Etaiotasubasperacute
uni1F9E	Etaiotasublenistilde
uni1F9F	Etaiotasubaspertilde
uni1FFC	Omegaiotasub
uni1FA8	Omegaiotasublenis
uni1FA9	Omegaiotasubasper
uni1FAA	Omegaiotasublenisgrave
uni1FAB	Omegaiotasubaspergrave
uni1FAC	Omegaiotasublenisacute
uni1FAD	Omegaiotasubasperacute
uni1FAE	Omegaiotasublenistilde
uni1FAF	Omegaiotasubaspertilde
uni1F00	alphalenis
uni1F01	alphaasper
uni1F70	alphagrave
uni1F71	alphaacute
uni1F02	alphalenisgrave
uni1F03	alphaaspergrave
uni1F04	alphalenisacute
uni1F05	alphaasperacute
uni1F06	alphalenistilde
uni1F07	alphaaspertilde
uni1FB0	alphabreve
uni1FB1	alphamacron
uni1FB6	alphatilde
uni1F10	epsilonlenis
uni1F11	epsilonasper
uni1F72	epsilongrave
uni1F73	epsilonacute
uni1F12	epsilonlenisgrave
uni1F13	epsilonaspergrave
uni1F14	epsilonlenisacute
uni1F15	epsilonasperacute
uni1F20	etalenis
uni1F21	etaasper
uni1F74	etagrave
uni1F75	etaacute
uni1F22	etalenisgrave
uni1F23	etaaspergrave
uni1F24	etalenisacute
uni1F25	etaasperacute
uni1F26	etalenistilde
uni1F27	etaaspertilde
uni1FC6	etatilde
uni1F30	iotalenis
uni1F31	iotaasper
uni1F76	iotagrave
uni1F77	iotaacute
uni1F32	iotalenisgrave
uni1F33	iotaaspergrave
uni1F34	iotalenisacute
uni1F35	iotaasperacute
uni1F36	iotalenistilde
uni1F37	iotaaspertilde
uni1FD0	iotabreve
uni1FD1	iotamacron
uni1FD6	iotatilde
uni1FD2	iotadieresisgrave
uni1FD3	iotadieresisacute
uni1FD7	iotadieresistilde
uni1F40	omicronlenis
uni1F41	omicronasper
uni1F78	omicrongrave
uni1F79	omicronacute
uni1F42	omicronlenisgrave
uni1F43	omicronaspergrave
uni1F44	omicronlenisacute
uni1F45	omicronasperacute
uni1FE4	rholenis
uni1FE5	rhoasper
uni1F50	upsilonlenis
uni1F51	upsilonasper
uni1F7A	upsilongrave
uni1F7B	upsilonacute
uni1F52	upsilonlenisgrave
uni1F53	upsilonaspergrave
uni1F54	upsilonlenisacute
uni1F55	upsilonasperacute
uni1F56	upsilonlenistilde
uni1F57	upsilonaspertilde
uni1FE6	upsilontilde
uni1FE0	upsilonbreve
uni1FE1	upsilonmacron
uni1FE2	upsilondieresisgrave
uni1FE3	upsilondieresisacute
uni1FE7	upsilondieresistilde
uni1F60	omegalenis
uni1F61	omegaasper
uni1F7C	omegagrave
uni1F7D	omegaacute
uni1F62	omegalenisgrave
uni1F63	omegaaspergrave
uni1F64	omegalenisacute
uni1F65	omegaasperacute
uni1F66	omegalenistilde
uni1F67	omegaaspertilde
uni1FF6	omegatilde
uni1FB3	alphaiotasub
uni1F80	alphaiotasublenis
uni1F81	alphaiotasubasper
uni1FB2	alphaiotasubgrave
uni1FB4	alphaiotasubacute
uni1F82	alphaiotasublenisgrave
uni1F83	alphaiotasubaspergrave
uni1F84	alphaiotasublenisacute
uni1F85	alphaiotasubasperacute
uni1F86	alphaiotasublenistilde
uni1F87	alphaiotasubaspertilde
uni1FB7	alphaiotasubtilde
uni1FC3	etaiotasub
uni1F90	etaiotasublenis
uni1F91	etaiotasubasper
uni1FC2	etaiotasubgrave
uni1FC4	etaiotasubacute
uni1F92	etaiotasublenisgrave
uni1F93	etaiotasubaspergrave
uni1F94	etaiotasublenisacute
uni1F95	etaiotasubasperacute
uni1F96	etaiotasublenistilde
uni1F97	etaiotasubaspertilde
uni1FC7	etaiotasubtilde
uni1FF3	omegaiotasub
uni1FA0	omegaiotasublenis
uni1FA1	omegaiotasubasper
uni1FF2	omegaiotasubgrave
uni1FF4	omegaiotasubacute
uni1FA2	omegaiotasublenisgrave
uni1FA3	omegaiotasubaspergrave
uni1FA4	omegaiotasublenisacute
uni1FA5	omegaiotasubasperacute
uni1FA6	omegaiotasublenistilde
uni1FA7	omegaiotasubaspertilde
uni1FF7	omegaiotasubtilde
uni03D7	kai
uni03CF	Kai
uni037E	questiongreek
anoteleia	anoteleia
anoteleia.c	anoteleia.cap
uni0374	numeralsign
uni0375	lownumeralsign
tonos	tonos
tonos.c	tonos.cap
dieresistonos	dieresistonos
uni037A	iotasubscript
uni1FBE	iotaadscript
uni1FBD	lenis
uni1FBF	psili
uni1FFE	asper
uni1FEF	varia
uni1FFD	oxia
uni1FCD	lenisgrave
uni1FDD	aspergrave
uni1FCE	lenisacute
uni1FDE	asperacute
uni1FCF	lenistilde
uni1FDF	aspertilde
uni1FC0	perispomeni
uni1FED	dialytikagrave
uni1FEE	dialytikaacute
uni1FC1	dialytikatilde
uni1FBD.c	lenis.cap
uni1FFE.c	asper.cap
uni1FEF.c	varia.cap
uni1FCD.c	lenisgrave.cap
uni1FDD.c	aspergrave.cap
uni1FCE.c	lenisacute.cap
uni1FDE.c	asperacute.cap
uni1FCF.c	lenistilde.cap
uni1FDF.c	aspertilde.cap
uni0410	Acyr
uni0411	Be
uni0412	Ve
uni0413	Ghe
uni0414	De
uni0415	Ie
uni0416	Zhe
uni0417	Ze
uni0418	Icyr
uni0419	Ishort
uni041A	Ka
uni041B	El
uni041C	Em
uni041D	En
uni041E	Ocyr
uni041F	Pe
uni0420	Er
uni0421	Es
uni0422	Te
uni0423	Ucyr
uni0424	Ef
uni0425	Ha
uni0426	Tse
uni0427	Che
uni0428	Sha
uni0429	Shcha
uni042A	Hard
uni042B	Yeru
uni042C	Soft
uni042D	Ecyr
uni042E	Yu
uni042F	Ya
uni0400	Iegrave
uni0401	Io
uni0402	Dje
uni0403	Gje
uni0404	Ieukran
uni0405	Dze
uni0406	Iukran
uni0407	Yi
uni0408	Je
uni0409	Lje
uni040A	Nje
uni040B	Tshe
uni040C	Kje
uni040D	Igravecyr
uni040E	Ushort
uni040F	Dzhe
uni0462	Yat
uni0472	Fita
uni0474	Izhitsa
uni0490	Gheup
uni0492	Ghestroke
uni04F6	Ghedescender
uni0496	Zhedescender
uni0498	Zedescender
uni049A	Kadescender
uni04A0	Kabashkir
uni04C3	Kahook
uni04A2	Endescender
uni04C7	Enhook
uni04AA	Esdescender
uni04AE	Ustraight
uni04B0	Ustraightstroke
uni04B2	Hadescender
uni04B6	Chedescender
uni04BA	Shha
uni04C0	Palochka
uni04C1	Zhebreve
uni04D0	Abrevecyr
uni04D4	Aie
uni04D6	Iebreve
uni04D8	Schwacyr
uni04E2	Imacroncyr
uni04E6	Odieresiscyr
uni04E8	Obarcyr
uni04EE	Umacroncyr
uni04F2	Uacutedblcyr
uni0430	acyr
uni0431	be
uni0432	ve
uni0433	ghe
uni0434	de
uni0435	ie
uni0436	zhe
uni0437	ze
uni0438	icyr
uni0439	ishort
uni043A	ka
uni043B	el
uni043C	em
uni043D	en
uni043E	ocyr
uni043F	pe
uni0440	er
uni0441	es
uni0442	te
uni0443	ucyr
uni0444	ef
uni0445	ha
uni0446	tse
uni0447	che
uni0448	sha
uni0449	shcha
uni044A	hard
uni044B	yeru
uni044C	soft
uni044D	ecyr
uni044E	yu
uni044F	ya
uni0450	iegrave
uni0451	io
uni0452	dje
uni0453	gje
uni0454	ieukran
uni0455	dze
uni0456	iukran
uni0457	yi
uni0458	je
uni0459	lje
uni045A	nje
uni045B	tshe
uni045C	kje
uni045D	igravecyr
uni045E	ushort
uni045F	dzhe
uni0463	yat
uni0473	fita
uni0475	izhitsa
uni0491	gheup
uni0493	ghestroke
uni04F7	ghedescender
uni0497	zhedescender
uni0499	zedescender
uni049B	kadescender
uni04A1	kabashkir
uni04C4	kahook
uni04A3	endescender
uni04C8	enhook
uni04AB	esdescender
uni04AF	ustraight
uni04B1	ustraightstroke
uni04B3	hadescender
uni04B7	chedescender
uni04BB	shha
uni04C2	zhebreve
uni04CF	palochka
uni04D1	abrevecyr
uni04D5	aie
uni04D7	iebreve
uni04D9	schwacyr
uni04E3	imacroncyr
uni04E7	odieresiscyr
uni04E9	obarcyr
uni04EF	umacroncyr
uni04F3	uacutedblcyr
uni0414.a	De.a
uni0416.a	Zhe.a
uni041A.a	Ka.a
uni041B.a	El.a
uni0424.a	Ef.a
uni0407.a	Yi.a
uni0409.a	Lje.a
uni040C.a	Kje.a
uni0496.a	Zhedescender.a
uni049A.a	Kadescender.a
uni04A0.a	Kabashkir.a
uni04C3.a	Kahook.a
uni04C1.a	Zhebreve.a
uni0430.a	acyr.a
uni04D1.a	abrevecyr.a
uni0430.b	acyr.b
uni04D1.b	abrevecyr.b
uni0434.a	de.a
uni0436.a	zhe.a
uni043A.a	ka.a
uni043B.a	el.a
uni0444.a	ef.a
uni0457.a	yi.a
uni0459.a	lje.a
uni045C.a	kje.a
uni0497.a	zhedescender.a
uni049B.a	kadescender.a
uni04A1.a	kabashkir.a
uni04C4.a	kahook.a
uni04C2.a	zhebreve.a
uni0431.a	be.c
uni0432.a	ve.c
uni0433.a	ghe.c
uni0434.c	de.c
uni0437.a	ze.c
uni0438.a	icyr.c
uni0439.a	ishort.c
uni043F.a	pe.c
uni0442.a	te.c
uni0446.a	tse.c
uni0448.a	sha.c
uni0449.a	shcha.c
uni0453.c	gje.c
uni045D.a	igravecyr.c
uni0436.b	zhe.b
uni043A.b	ka.b
uni044E.a	yu.b
uni0436.c	zhe.d
uni043A.c	ka.d
uni2116	numero
zero	zero
one	one
two	two
three	three
four	four
five	five
six	six
seven	seven
eight	eight
nine	nine
zero.0	zero.0
zero.0s	zero.0s
zero.p	zero.pnum
one.p	one.pnum
two.p	two.pnum
three.p	three.pnum
four.p	four.pnum
five.p	five.pnum
six.p	six.pnum
seven.p	seven.pnum
eight.p	eight.pnum
nine.p	nine.pnum
zero.0p	zero.0p
zero.0ps	zero.0ps
zero.t	zero.tnum
one.t	one.tnum
two.t	two.tnum
three.t	three.tnum
four.t	four.tnum
five.tm	five.tnum
six.t	six.tnum
seven.t	seven.tnum
eight.t	eight.tnum
nine.t	nine.tnum
zero.o	zero.onum
one.o	one.onum
two.o	two.onum
three.o	three.onum
four.o	four.onum
five.o	five.onum
six.o	six.onum
seven.o	seven.onum
eight.o	eight.onum
nine.o	nine.onum
zero.c	zero.cap
one.c	one.cap
two.c	two.cap
three.c	three.cap
four.c	four.cap
five.c	five.cap
six.c	six.cap
seven.c	seven.cap
eight.c	eight.cap
nine.c	nine.cap
period	period
comma	comma
colon	colon
semicolon	semicolon
ellipsis	ellipsis
exclam	exclam
exclamdown	exclamdown
question	question
questiondown	questiondown
quotesingle	quotesingle
quotedbl	quotedbl
quoteleft	quoteleft	uni2018
quoteright	quoteright	uni2019
quotedblleft	quotedblleft
quotedblright	quotedblright
quotesinglbase	quotesinglbase
quotedblbase	quotedblbase
quotereversed	quotereversed
uni275B	quoteleftheavy
uni275C	quoterightheavy
uni275D	quotedblleftheavy
uni275E	quotedblrightheavy
uni275F	quotesinglbaseheavy
uni2760	quotedblbaseheavy
guilsinglleft	guilsinglleft
guilsinglright	guilsinglright
guillemotleft	guillemotleft
guillemotright	guillemotright
hyphen	hyphen	uni002D,uni00AD,uni2010,uni2011
endash	endash
emdash	emdash
uni2E3A	twoemdash
uni2E3B	threeemdash
figuredash	figuredash
uni2015	horizontalbar
periodcentered	periodcentered
bullet	bullet
uni2023	bullettriangle
uni25E6	bulletwhite
uni25AA	bulletsquare
uni25AB	bulletsquarewhite
uni25B4	trianglesmallupblack
uni25B5	trianglesmallupwhite
uni25B8	trianglesmallrightblack
uni25B9	trianglesmallrightwhite
uni25BE	trianglesmalldownblack
uni25BF	trianglesmalldownwhite
uni25C2	trianglesmallleftblack
uni25C3	trianglesmallleftwhite
invbullet	invbullet
filledrect	filledrect
underscore	underscore
underscoredbl	underscoredbl
uni203E	overline
uni203F	undertie
parenleft	parenleft
parenright	parenright
bracketleft	bracketleft
bracketright	bracketright
braceleft	braceleft
braceright	braceright
slash	slash
bar	bar
backslash	backslash
brokenbar	brokenbar
asterisk	asterisk
dagger	dagger
daggerdbl	daggerdbl
section	section
paragraph	paragraph
uni2016	bardbl
exclamdbl	exclamdbl
uni2047	questiondbl
uni2049	exclamquestion
uni2048	questionexclam
uni203D	interrobang
uni2E18	interrobangdown
uni231C	ceilingleft
uni231D	ceilingright
uni231E	floorleft
uni231F	floorright
uni27E6	bracketleftwhite
uni27E7	bracketrightwhite
uni27E8	bracketangleleft
uni27E9	bracketangleright
uni2E22	brackhalftopleft
uni2E23	brackhalftopright
uni2E24	brackhalfbotleft
uni2E25	brackhalfbotright
copyright	copyright
uni2117	soundcopyright
registered	registered
trademark	trademark
uni2120	servicemark
u1F10D	norights
u1F10E	sharealike
u1F10F	noncommercial
u1F12F	copyleft
u1F16A	commercemark
u1F16B	deposeemark
u1F16C	marcaregistrada
u1F16D	creativecommons
u1F16E	publicdomain
u1F16F	attribution
at	at
at.c	at.cap
exclamdown.c	exclamdown.cap
questiondown.c	questiondown.cap
uni2E18.c	interrobangdown.cap
uniA789.c	colonmod.cap
numbersign	numbersign
A.s	A.sc
B.s	B.sc
C.s	C.sc
D.s	D.sc
E.s	E.sc
F.s	F.sc
G.s	G.sc
H.s	H.sc
I.s	I.sc
J.s	J.sc
K.s	K.sc
L.s	L.sc
M.s	M.sc
N.s	N.sc
O.s	O.sc
P.s	P.sc
Q.s	Q.sc
R.s	R.sc
S.s	S.sc
T.s	T.sc
U.s	U.sc
V.s	V.sc
W.s	W.sc
X.s	X.sc
Y.s	Y.sc
Z.s	Z.sc
Agrave.s	Agrave.sc
Aacute.s	Aacute.sc
Acircumflex.s	Acircumflex.sc
Atilde.s	Atilde.sc
Adieresis.s	Adieresis.sc
Aring.s	Aring.sc
Amacron.s	Amacron.sc
Abreve.s	Abreve.sc
uni0226.s	Adot.sc
uni01CD.s	Acaron.sc
uni0200.s	Adblgrave.sc
Aogonek.s	Aogonek.sc
Aogonek.ds	Aogonek.ds
uni1EA0.s	Adotbelow.sc
uni1EA2.s	Ahoi.sc
uni1EA4.s	Acircumflexacute.sc
uni1EA6.s	Acircumflexgrave.sc
uni1EA8.s	Acircumflexhoi.sc
uni1EAA.s	Acircumflextilde.sc
uni1EAC.s	Acircumflexdotbelow.sc
uni1EAE.s	Abreveacute.sc
uni1EB0.s	Abrevegrave.sc
uni1EB2.s	Abrevehoi.sc
uni1EB4.s	Abrevetilde.sc
uni1EB6.s	Abrevedotbelow.sc
Aringacute.s	Aringacute.sc
AE.s	AE.sc
AEacute.s	AEacute.sc
uni01E2.s	AEmacron.sc
uni023A.sc	Astroke.sc
uni0243.s	Bstroke.sc
uni0181.s	Bhook.sc
uni1E02.s	Bdotaccent.sc
uni1E06.s	Blinebelow.sc
Ccedilla.s	Ccedilla.sc
Cacute.s	Cacute.sc
Ccircumflex.s	Ccircumflex.sc
Cdotaccent.s	Cdotaccent.sc
Ccaron.s	Ccaron.sc
uni023B.s	Cstroke.sc
uni1E0A.s	Ddotaccent.sc
Dcaron.s	Dcaron.sc
uni1E0C.s	Ddotbelow.sc
uni1E0E.s	Dlinebelow.sc
uni1E10.s	Dcedilla.sc
Dcroat.s	Dcroat.sc
uni018A.s	Dhook.sc
Egrave.s	Egrave.sc
Eacute.s	Eacute.sc
Ecircumflex.s	Ecircumflex.sc
uni1EBC.s	Etilde.sc
Edieresis.s	Edieresis.sc
Emacron.s	Emacron.sc
Ebreve.s	Ebreve.sc
Edotaccent.s	Edotaccent.sc
Ecaron.s	Ecaron.sc
uni0204.s	Edblgrave.sc
Eogonek.s	Eogonek.sc
Eogonek.ds	Eogonek.ds
uni1EB8.s	Edotbelow.sc
uni1EBA.s	Ehoi.sc
uni1EBE.s	Ecircumflexacute.sc
uni1EC0.s	Ecircumflexgrave.sc
uni1EC2.s	Ecircumflexhoi.sc
uni1EC4.s	Ecircumflextilde.sc
uni1EC6.s	Ecircumflexdotbelow.sc
uni1E16.s	Emacronacute.sc
uni018E.s	Eturned.sc
uni0190.s	Eopen.sc
uni1E1E.s	Fdotaccent.sc
uni01F4.s	Gacute.sc
Gcircumflex.s	Gcircumflex.sc
uni1E20.s	Gmacron.sc
Gbreve.s	Gbreve.sc
Gdotaccent.s	Gdotaccent.sc
Gcaron.s	Gcaron.sc
uni0122.s	Gcommaaccent.sc
uni01E4.s	Gstroke.sc
uni00470303.s	Gtilde.sc
uni0193.s	Ghook.sc
Hcircumflex.s	Hcircumflex.sc
uni1E26.s	Hdieresis.sc
uni1E22.s	Hdot.sc
uni021E.s	Hcaron.sc
uni1E24.s	Hdotbelow.sc
uni1E28.s	Hcedilla.sc
uni1E2A.s	Hbrevebelow.sc
uni1E96.s	Hlinebelow.sc
Hbar.s	Hbar.sc
Igrave.s	Igrave.sc
Iacute.s	Iacute.sc
Icircumflex.s	Icircumflex.sc
Itilde.s	Itilde.sc
Idieresis.s	Idieresis.sc
Imacron.s	Imacron.sc
Ibreve.s	Ibreve.sc
Idotaccent.s	Idotaccent.sc
uni01CF.s	Icaron.sc
uni0208.s	Idblgrave.sc
Iogonek.s	Iogonek.sc
uni1EC8.s	Ihoi.sc
uni1ECA.s	Idotbelow.sc
uni0197.s	Istroke.sc
IJ.s	IJ.sc
Jcircumflex.s	Jcircumflex.sc
uni004A030C.s	Jcaron.sc
uni0248.s	Jstroke.sc
uni0136.s	Kcommaaccent.sc
uni1E32.s	Kdotbelow.sc
uni1E34.s	Klinebelow.sc
Lacute.s	Lacute.sc
Lcaron.s	Lcaron.sc
uni013B.s	Lcommaaccent.sc
uni1E36.s	Ldotbelow.sc
uni1E38.s	Ldotbelowmacron.sc
uni1E3A.s	Llinebelow.sc
Lslash.s	Lslash.sc
uni023D.s	Lbar.sc
uni2C60.s	Lbardbl.sc
uni2C62.s	Lmiddletilde.sc
uniA7AD.s	Lbelt.sc
Ldot.s	Ldot.sc
uni1E3E.s	Macute.sc
uni1E40.s	Mdotaccent.sc
uni1E42.s	Mdotbelow.sc
uni01F8.s	Ngrave.sc
Nacute.s	Nacute.sc
Ncaron.s	Ncaron.sc
Ntilde.s	Ntilde.sc
uni1E44.s	Ndotaccent.sc
uni0145.s	Ncommaaccent.sc
uni1E46.s	Ndotbelow.sc
uni1E48.s	Nlinebelow.sc
Eng.s	Eng.sc
uni0220.s	Nlong.sc
Ograve.s	Ograve.sc
Oacute.s	Oacute.sc
Ocircumflex.s	Ocircumflex.sc
Otilde.s	Otilde.sc
Odieresis.s	Odieresis.sc
Omacron.s	Omacron.sc
Obreve.s	Obreve.sc
Ohungarumlaut.s	Ohungarumlaut.sc
uni01D1.s	Ocaron.sc
uni020C.sc	Odblgrave.sc
uni01EA.s	Oogonek.sc
uni1ECC.s	Odotbelow.sc
uni1ECE.s	Ohoi.sc
uni1ED0.s	Ocircumflexacute.sc
uni1ED2.s	Ocircumflexgrave.sc
uni1ED4.s	Ocircumflexhoi.sc
uni1ED6.s	Ocircumflextilde.sc
uni1ED8.s	Ocircumflexdotbelow.sc
uni1E52.s	Omacronacute.sc
Oslash.s	Oslash.sc
Oslashacute.s	Oslashacute.sc
OE.s	OE.sc
uni0245.s	Vturned.sc
uni0186.s	Oopen.sc
uniA74E.s	OO.sc
uni0222.s	OU.sc
Ohorn.s	Ohorn.sc
uni1EDA.s	Ohornacute.sc
uni1EDC.s	Ohorngrave.sc
uni1EDE.s	Ohornhoi.sc
uni1EE0.s	Ohorntilde.sc
uni1EE2.s	Ohorndotbelow.sc
uni1E56.s	Pdotaccent.sc
Racute.s	Racute.sc
Rcaron.s	Rcaron.sc
uni1E58.s	Rdotaccent.sc
uni0156.s	Rcommaaccent.sc
uni1E5A.s	Rdotbelow.sc
uni1E5C.s	Rdotbelowmacron.sc
uni1E5E.s	Rlinebelow.sc
Sacute.s	Sacute.sc
Scircumflex.s	Scircumflex.sc
Scaron.s	Scaron.sc
uni015E.s	Scedilla.sc
uni0218.s	Scommaaccent.sc
uni1E60.s	Sdotaccent.sc
uni1E62.s	Sdotbelow.sc
uni1E66.s	Scarondot.sc
germandbls.s	germandbls.sc
uni1E9E.s	Germandbls.sc
Tcaron.s	Tcaron.sc
uni1E6A.s	Tdotaccent.sc
uni0162.s	Tcedilla.sc
uni021A.s	Tcommaaccent.sc
uni1E6C.s	Tdotbelow.sc
uni1E6E.s	Tlinebelow.sc
uni1E97.s	Tdieresis.sc
Tbar.s	Tbar.sc
uni023E.sc	Tstroke.sc
Ugrave.s	Ugrave.sc
Uacute.s	Uacute.sc
Ucircumflex.s	Ucircumflex.sc
Utilde.s	Utilde.sc
Udieresis.s	Udieresis.sc
Umacron.s	Umacron.sc
Ubreve.s	Ubreve.sc
Uring.s	Uring.sc
Uhungarumlaut.s	Uhungarumlaut.sc
uni01D3.s	Ucaron.sc
Uogonek.s	Uogonek.sc
uni01D5.s	Udieresismacron.sc
uni01D7.s	Udieresisacute.sc
uni01D9.s	Udieresiscaron.sc
uni01DB.s	Udieresisgrave.sc
uni1E72.s	Udieresisbelow.sc
uni1EE4.s	Udotbelow.sc
uni0244.s	Ubar.sc
uni1EE6.s	Uhoi.sc
Uhorn.s	Uhorn.sc
uni1EE8.s	Uhornacute.sc
uni1EEA.s	Uhorngrave.sc
uni1EEC.s	Uhornhoi.sc
uni1EEE.s	Uhorntilde.sc
uni1EF0.s	Uhorndotbelow.sc
uni1E7E.s	Vdotbelow.sc
Wgrave.s	Wgrave.sc
Wacute.s	Wacute.sc
Wcircumflex.s	Wcircumflex.sc
Wdieresis.s	Wdieresis.sc
Ygrave.s	Ygrave.sc
Yacute.s	Yacute.sc
Ycircumflex.s	Ycircumflex.sc
uni1EF8.s	Ytilde.sc
Ydieresis.s	Ydieresis.sc
uni1E8E.s	Ydotaccent.sc
uni1EF4.s	Ydotbelow.sc
uni1EF6.s	Yhoi.sc
Zacute.s	Zacute.sc
uni1E90.s	Zcircumflex.sc
Zdotaccent.s	Zdotaccent.sc
Zcaron.s	Zcaron.sc
uni1E92.s	Zdotbelow.sc
uni1E94.s	Zlinebelow.sc
Eth.s	Eth.sc
Thorn.s	Thorn.sc
uni01F7.s	Wynn.sc
uni021C.s	Yogh.sc
uni01B7.s	Ezh.sc
uni01EE.s	Ezhcaron.sc
uni018F.s	Schwa.sc
uniA779.s	Dinsular.sc
uniA77B.s	Finsular.sc
uniA77D.s	Ginsular.sc
uniA77E.s	Ginsularturned.sc
uniA780.s	Lturned.sc
uniA782.s	Rinsular.sc
uniA75A.s	Rrotunda.sc
uniA784.s	Sinsular.sc
uniA786.s	Tinsular.sc
uni0194.s	Gammalatin.sc
uni0196.sc	Iotalatin.sc
uni039B.z	Lambda.ls
uni01B1.s	Upsilonlatin.sc
uniA7B3.s	Chilatin.sc
uni0241.s	Glottalstop.sc
uniA722.s	AlefEgypt.sc
uniA724.s	AinEgypt.sc
uni004C00B7004C.s	Lgeminada.sc
uni01320301.s	IJacute.sc
uni01040301.s	Aogonekacute.sc
uni01180301.s	Eogonekacute.sc
uni012E0301.s	Iogonekacute.sc
uni01EA0301.s	Oogonekacute.sc
uni01720301.s	Uogonekacute.sc
uni025B0328.s	Eopenogonek.sc
uni019B.s	Lambdabar.sc
uniA7AE.s	I.as
Igrave.z	Igrave.as
Iacute.z	Iacute.as
Icircumflex.z	Icircumflex.as
Itilde.z	Itilde.as
Idieresis.z	Idieresis.as
Imacron.z	Imacron.as
Ibreve.z	Ibreve.as
Idotaccent.z	Idotaccent.as
uni01CF.z	Icaron.as
uni0208.z	Idblgrave.as
Iogonek.z	Iogonek.as
uni1EC8.z	Ihoi.as
uni1ECA.z	Idotbelow.as
uni0197.z	Istroke.as
uni012E0301.z	Iogonekacute.as
Eng.z	Eng.as
uni0196.z	Iotalatin.as
Alpha.s	Alpha.sc
Beta.s	Beta.sc
Gamma.s	Gamma.sc
uni0394.s	Delta.sc
Epsilon.s	Epsilon.sc
Zeta.s	Zeta.sc
Eta.s	Eta.sc
Theta.s	Theta.sc
Iota.s	Iota.sc
Kappa.s	Kappa.sc
Lambda.s	Lambda.sc
Mu.s	Mu.sc
Nu.s	Nu.sc
Xi.s	Xi.sc
Omicron.s	Omicron.sc
Pi.s	Pi.sc
Rho.s	Rho.sc
Sigma.s	Sigma.sc
Tau.s	Tau.sc
Upsilon.s	Upsilon.sc
Phi.s	Phi.sc
Chi.s	Chi.sc
Psi.s	Psi.sc
uni03A9.s	Omega.sc
uni03F7.s	Sho.sc
uni03F4.s	Theta.as
uni03CF.s	Kai.sc
Iotadieresis.s	Iotadieresis.sc
Upsilondieresis.s	Upsilondieresis.sc
Alphaiotasub.s	Alphaiotasub.sc
Etaiotasub.s	Etaiotasub.sc
Omegaiotasub.s	Omegaiotasub.sc
uni0410.s	Acyr.sc
uni0411.s	Be.sc
uni0412.s	Ve.sc
uni0413.s	Ghe.sc
uni0414.s	De.sc
uni0415.s	Ie.sc
uni0416.s	Zhe.sc
uni0417.s	Ze.sc
uni0418.s	Icyr.sc
uni0419.s	Ishort.sc
uni041A.s	Ka.sc
uni041B.s	El.sc
uni041C.s	Em.sc
uni041D.s	En.sc
uni041E.s	Ocyr.sc
uni041F.s	Pe.sc
uni0420.s	Er.sc
uni0421.s	Es.sc
uni0422.s	Te.sc
uni0423.s	Ucyr.sc
uni0424.s	Ef.sc
uni0425.s	Ha.sc
uni0426.s	Tse.sc
uni0427.s	Che.sc
uni0428.s	Sha.sc
uni0429.s	Shcha.sc
uni042A.s	Hard.sc
uni042B.s	Yeru.sc
uni042C.s	Soft.sc
uni042D.s	Ecyr.sc
uni042E.s	Yu.sc
uni042F.s	Ya.sc
uni0400.s	Iegrave.sc
uni0401.s	Io.sc
uni0402.s	Dje.sc
uni0403.s	Gje.sc
uni0404.s	Ieukran.sc
uni0405.s	Dze.sc
uni0406.s	Iukran.sc
uni0407.s	Yi.sc
uni0408.s	Je.sc
uni0409.s	Lje.sc
uni040A.s	Nje.sc
uni040B.s	Tshe.sc
uni040C.s	Kje.sc
uni040D.s	Igravecyr.sc
uni040E.s	Ushort.sc
uni040F.s	Dzhe.sc
uni0462.s	Yat.sc
uni0472.s	Fita.sc
uni0474.s	Izhitsa.sc
uni0490.s	Gheup.sc
uni0492.s	Ghestroke.sc
uni04F6.s	Ghedescender.sc
uni0496.s	Zhedescender.sc
uni0498.s	Zedescender.sc
uni049A.s	Kadescender.sc
uni04A0.s	Kabashkir.sc
uni04C3.s	Kahook.sc
uni04A2.s	Endescender.sc
uni04C7.s	Enhook.sc
uni04AA.s	Esdescender.sc
uni04AE.s	Ustraight.sc
uni04B0.s	Ustraightstroke.sc
uni04B2.s	Hadescender.sc
uni04B6.s	Chedescender.sc
uni04BA.s	Shha.sc
uni04C0.s	Palochka.sc
uni04C1.s	Zhebreve.sc
uni04D0.s	Abrevecyr.sc
uni04D4.s	Aie.sc
uni04D6.s	Iebreve.sc
uni04D8.s	Schwacyr.sc
uni04E2.s	Imacroncyr.sc
uni04E6.s	Odieresiscyr.sc
uni04E8.s	Obarcyr.sc
uni04EE.s	Umacroncyr.sc
uni04F2.s	Uacutedblcyr.sc
uni0414.z	De.as
uni0416.z	Zhe.as
uni041A.z	Ka.as
uni041B.z	El.as
uni0424.z	Ef.as
uni0407.z	Yi.as
uni0409.z	Lje.as
uni040C.z	Kje.as
uni0496.z	Zhedescender.as
uni049A.z	Kadescender.as
uni04C3.z	Kahook.as
uni04A0.z	Kabashkir.as
uni04C1.z	Zhebreve.as
ampersand.s	ampersand.sc
uni2E52.s	Ettironian.sc
uniA764.sc	That.sc
uni02BB.s	commaturnedmod.sc
uni02BC.s	apostrophemod.sc
uni02BD.s	commareversedmod.sc
uniA789.sc	colonmod.sc
zero.s	zero.sc
one.s	one.sc
two.s	two.sc
three.s	three.sc
four.s	four.sc
five.s	five.sc
six.s	six.sc
seven.s	seven.sc
eight.s	eight.sc
nine.s	nine.sc
exclam.s	exclam.sc
exclamdown.s	exclamdown.sc
question.s	question.sc
questiondown.s	questiondown.sc
uni203D.s	interrobang.sc
uni2E18.s	interrobangdown.sc
quotesingle.s	quotesingle.sc
quotedbl.s	quotedbl.sc
quoteleft.s	quoteleft.sc
quoteright.s	quoteright.sc
quotedblleft.s	quotedblleft.sc
quotedblright.s	quotedblright.sc
hyphen.s	hyphen.sc
endash.s	endash.sc
emdash.s	emdash.sc
parenleft.s	parenleft.sc
parenright.s	parenright.sc
bracketleft.s	bracketleft.sc
bracketright.s	bracketright.sc
braceleft.s	braceleft.sc
braceright.s	braceright.sc
zero.u	zero.sups	uni2070
one.u	one.sups	uni00B9
two.u	two.sups	uni00B2
three.u	three.sups	uni00B3
four.u	four.sups	uni2074
five.u	five.sups	uni2075
six.u	six.sups	uni2076
seven.u	seven.sups	uni2077
eight.u	eight.sups	uni2078
nine.u	nine.sups	uni2079
plus.u	plus.sups	uni207A
minus.u	minus.sups	uni207B
equal.u	equal.sups	uni207C,uni02ED
parenleft.u	parenleft.sups	uni207D
parenright.u	parenright.sups	uni207E
period.u	period.sups
comma.u	comma.sups
zero.b	zero.subs	uni2080
one.b	one.subs	uni2081
two.b	two.subs	uni2082
three.b	three.subs	uni2083
four.b	four.subs	uni2084
five.b	five.subs	uni2085
six.b	six.subs	uni2086
seven.b	seven.subs	uni2087
eight.b	eight.subs	uni2088
nine.b	nine.subs	uni2089
plus.b	plus.subs	uni208A
minus.b	minus.subs	uni208B
equal.b	equal.subs	uni208C
parenleft.b	parenleft.subs	uni208D
parenright.b	parenright.subs	uni208E
period.b	period.subs
comma.b	comma.subs
zero.d	zero.dnom
one.d	one.dnom
two.d	two.dnom
three.d	three.dnom
four.d	four.dnom
five.d	five.dnom
six.d	six.dnom
seven.d	seven.dnom
eight.d	eight.dnom
nine.d	nine.dnom
parenleft.d	parenleft.dnom
parenright.d	parenright.dnom
period.d	period.dnom
comma.d	comma.dnom
zero.n	zero.numr
one.n	one.numr
two.n	two.numr
three.n	three.numr
four.n	four.numr
five.n	five.numr
six.n	six.numr
seven.n	seven.numr
eight.n	eight.numr
nine.n	nine.numr
parenleft.n	parenleft.numr
parenright.n	parenright.numr
period.n	period.numr
comma.n	comma.numr
ordfeminine	ordfeminine
ordfeminine.a	ordfeminine.a
ordmasculine	ordmasculine
A.u	A.sups	uni1D2C
B.u	B.sups	uni1D2E
C.u	C.sups	uniA7F2
D.u	D.sups	uni1D30
E.u	E.sups	uni1D31
F.u	F.sups	uniA7F3
G.u	G.sups	uni1D33
H.u	H.sups	uni1D34
I.u	I.sups	uni1D35
J.u	J.sups	uni1D36
K.u	K.sups	uni1D37
L.u	L.sups	uni1D38
M.u	M.sups	uni1D39
N.u	N.sups	uni1D3A
O.u	O.sups	uni1D3C
P.u	P.sups	uni1D3E
Q.u	Q.sups	uniA7F4
R.u	R.sups	uni1D3F
S.u	S.sups
T.u	T.sups	uni1D40
U.u	U.sups	uni1D41
V.u	V.sups	uni2C7D
W.u	W.sups	uni1D42
X.u	X.sups
Y.u	Y.sups
Z.u	Z.sups
a.u	a.sups	uni1D43
b.u	b.sups	uni1D47
c.u	c.sups	uni1D9C
d.u	d.sups	uni1D48
e.u	e.sups	uni1D49
f.u	f.sups	uni1DA0
g.u	g.sups	uni1D4D
h.u	h.sups	uni02B0
i.u	i.sups	uni2071
j.u	j.sups	uni02B2
k.u	k.sups	uni1D4F
l.u	l.sups	uni02E1
m.u	m.sups	uni1D50
n.u	n.sups	uni207F
o.u	o.sups	uni1D52
p.u	p.sups	uni1D56
q.u	q.sups
r.u	r.sups	uni02B3
s.u	s.sups	uni02E2
t.u	t.sups	uni1D57
u.u	u.sups	uni1D58
v.u	v.sups	uni1D5B
w.u	w.sups	uni02B7
x.u	x.sups	uni02E3
y.u	y.sups	uni02B8
z.u	z.sups	uni1DBB
egrave.u	egrave.sups
eacute.u	eacute.sups
eogonek.u	eogonek.sups
uni1D4A	schwa.sups
uni1D4B	eopen.sups
uni1D51	eng.sups
uni1DAC	mhook.sups
uni1DAE	nhookleft.sups
uni1DB0	nsmall.sups
uni1DBF	theta.sups
uni02B1	hhook.sups
uni02B4	rturned.sups
uni02E0	gammalatin.sups
uni02E4	glottalstopreversed.sups
a.v	a.supa
g.v	g.supa
l.v	l.supa
eogonek.v	eogonek.supd
colon.u	colon.sups
hyphen.u	hyphen.sups
endash.u	endash.sups
emdash.u	emdash.sups
currency	currency
dollar	dollar
sterling	sterling
yen	yen
yen.CN	yuan
Euro	Euro
cent	cent
uni0192	florin
colonmonetary	colonmonetary
lira	lira
uni20A6	naira
peseta	peseta
uni20A9	won
dong	dong
uni20B1	peso
uni20B2	guarani
uni20B4	hryvnia
uni20B5	cedi
uni20B9	rupeeindian
uni20BA	liraturkish
uni20AE	tugrik
uni20B8	tenge
uni20BD	ruble
franc	franc
fraction	fraction
uni2215	divisionslash
slash.frac	slash.frac
percent	percent
perthousand	perthousand
uni2031	pertenthousand
onequarter	onequarter
onehalf	onehalf
threequarters	threequarters
onethird	onethird
twothirds	twothirds
uni2155	onefifth
uni2156	twofifths
uni2157	threefifths
uni2158	fourfifths
uni2159	onesixth
uni215A	fivesixths
uni2150	oneseventh
oneeighth	oneeighth
threeeighths	threeeighths
fiveeighths	fiveeighths
seveneighths	seveneighths
uni2151	oneninth
uni2152	onetenth
uni2189	zerothirds
plus	plus
minus	minus
multiply	multiply
divide	divide
uni2219	bulletoperator
equal	equal
equivalence	equivalence
less	less
greater	greater
lessequal	lessequal
greaterequal	greaterequal
plusminus	plusminus
asciicircum	asciicircum
notequal	notequal
asciitilde	asciitilde	uni007E, uni223C
approxequal	approxequal
logicalnot	logicalnot
revlogicalnot	revlogicalnot
intersection	intersection
orthogonal	orthogonal
infinity	infinity
degree	degree
uni2032	prime
uni2033	dblprime
uni2035	primereversed
partialdiff	partialdiff
integral	integral
integraltp	integraltp
integralbt	integralbt
radical	radical
uni2200	universal
uni2203	existential
uni2236	ratio
uni2237	proportion
summation	summation
product	product
uni2105	careof
uni2113	litre
estimated	estimated
uni2190	arrowleft
arrowup	arrowup
uni2192	arrowright
arrowdown	arrowdown
uni2196	arrowupleft
uni2197	arrowupright
uni2198	arrowdownright
uni2199	arrowdownleft
uni21D0	arrowdblleft
uni21D1	arrowdblup
uni21D2	arrowdblright
uni21D3	arrowdbldown
arrowboth	arrowboth
arrowupdn	arrowupdn
arrowupdnbse	arrowupdnbse
uni25CF	circleblack
uni25CB	circlewhite
uni25A0	squareblack
uni25A1	squarewhite
uni2752	squareshadow
uni25C6	diamondblack
triagup	triangleupblack
uni25B3	triangleupwhite
uni25B6	trianglerightblack
uni25B7	trianglerightwhite
triagdn	triangledownblack
uni25BD	triangledownwhite
uni25C0	triangleleftblack
uni25C1	triangleleftwhite
triagrt	pointerblackright
triaglf	pointerblackleft
invcircle	invcircle
uni25C9	fisheye
uni2610	checkbox
uni2611	checkedbox
uni2713	check
uni2714	checkheavy
uni2717	xballot
uni2718	xballotheavy
musicalnote	eighthnote	uni266A, u1F3B5
musicalnotedbl	musicalnotedbl	uni266B, u1F3B6
heart	heart
club	club
diamond	diamond
spade	spade
smileface	smileface
invsmileface	invsmileface
uni2764	heartblackheavy
uni2615	coffee
u1F4A9	poop
u1F916	robot
u1F512	lock
uni263F	mercury
female	female
uni2641	earth
male	male
uni211E	prescription
u1F748	tincture 
sun	sun
lozenge	lozenge
house	house
grave	grave
acute	acute
circumflex	circumflex
caron	caron
tilde	tilde
dieresis	dieresis
macron	macron
breve	breve
ring	ring
hungarumlaut	hungarumlaut
dotaccent	dotaccent
cedilla	cedilla
ogonek	ogonek
uni02B9	primemod
uni02BB	commaturnedmod
uni02BC	apostrophemod
uni02BD	commareversedmod
uni02BE	ringhalfrightmod
uni02BF	ringhalfleftmod
uni02C0	glottalstopmod
uni02C1	glottalstopreversedmod
uni02D0	colontriangularmod
uni02D1	colontriangularhalfmod
uni02D2	ringhalfrightcenteredmod
uni02D3	ringhalfleftcenteredmod
uni02D4	uptackmod
uni02D5	downtackmod
uni02D6	plusmod
uni02D7	minusmod
uni02DE	hookrhoticmod
uni02C8	verticallinemod
uni02C9	macronmod
uni02CA	acutemod
uni02CB	gravemod
uni02CC	verticallinelowmod
uniA71C	arrowdownmod
uniA789	colonmod
uni25CC	circledotted
uni0300	gravecmb
uni0300.c	gravecmb.cap
uni0300.g	variacmb
uni0301	acutecmb
uni0301.c	acutecmb.cap
uni0301.g	tonoscmb
uni0302	circumflexcmb
uni0302.c	circumflexcmb.cap
uni0303	tildecmb
uni0303.c	tildecmb.cap
uni0304	macroncmb
uni0304.c	macroncmb.cap
uni0305	overlinecmb
uni0305.c	overlinecmb.cap
uni0306	brevecmb
uni0306.c	brevecmb.cap
uni0306.k	brevecmb.cyr
uni0306.K	brevecmb.cyrcap
uni0307	dotaccentcmb
uni0307.c	dotaccentcmb.cap
uni0308	dieresiscmb
uni0308.c	dieresiscmb.cap
uni0309	hoicmb
uni0309.c	hoicmb.cap
uni030A	ringcmb
uni030A.c	ringcmb.cap
uni030B	hungarumlautcmb
uni030B.c	hungarumlautcmb.cap
uni030C	caroncmb
uni030C.a	caroncmb.a
uni030C.c	caroncmb.cap
uni030D	verticallineabovecmb
uni030D.c	verticallineabovecmb.cap
uni030F	dblgravecmb
uni030F.c	dblgravecmb.cap
uni0310	candrabinducmb
uni0310.c	candrabinducmb.cap
uni0311	breveinvertedcmb
uni0311.c	breveinvertedcmb.cap
uni0312	commaturnedabovecmb
uni0312.c	commaturnedabovecmb.cap
uni0312.g	aspercmb
uni0313	commaabovecmb
uni0313.c	commaabovecmb.cap
uni0313.g	leniscmb
uni0315	commaaboverightcmb
uni0315.c	commaaboverightcmb.cap
uni0318	lefttackbelowcmb
uni0319	righttackbelowcmb
uni031A	leftangleabovecmb
uni031B	horncmb
uni031C	ringhalfleftbelowcmb
uni031D	uptackbelowcmb
uni031E	downtackbelowcmb
uni031F	plusbelowcmb
uni0320	minusbelowcmb
uni0323	dotbelowcmb
uni0324	dieresisbelowcmb
uni0325	ringbelowcmb
uni0326	commabelowcmb
uni0326.a	commabelowcmb.a
uni0327	cedillacmb
uni0327.c	cedillacmb.cap
uni0328	ogonekcmb
uni0328.c	ogonekcmb.cap
uni0329	verticallinebelowcmb
uni032A	bridgebelowcmb
uni032C	caronbelowcmb
uni032E	brevebelowcmb
uni032F	breveinvertedbelowcmb
uni0330	tildebelowcmb
uni0331	macronbelowcmb
uni0332	lowlinecmb
uni0334	tildeoverlaycmb
uni0339	ringhalfrightbelowcmb
uni033A	bridgeinvertedbelowcmb
uni033B	squarebelowcmb
uni033C	seagullbelowcmb
uni033D	xabovecmb
uni0342	perispomenicmb
uni0342.c	perispomenicmb.cap
uni0343	koroniscmb
uni0344	dialytikatonoscmb
uni0345	iotasubscriptcmb
uni0357	ringhalfrightabovecmb
uni0357.c	ringhalfrightabovecmb.cap
uni0358	dotaboverightcmb
uni0358.c	dotaboverightcmb.cap
uni035C	brevedoublebelowcmb
uni035E	macrondoublecmb
uni035F	macrondoublebelowcmb
uni0361	breveinverteddoublecmb
uni1DCD	circumflexdoublecmb
uni035E.a	macrondoublecmb.a
uni0361.a	breveinverteddoublecmb.a
uni1DCD.a	circumflexdoublecmb.a
uni0337	slashshortcmb
uni0338	slashlongcmb
uni03020300	circumflexgrave
uni03020300.c	circumflexgrave.cap
uni03020301	circumflexacute
uni03020301.c	circumflexacute.cap
uni03020303	circumflextilde
uni03020303.c	circumflextilde.cap
uni03020304	circumflexmacron
uni03020304.c	circumflexmacron.cap
uni03020306	circumflexbreve
uni03020306.c	circumflexbreve.cap
uni03020309	circumflexhoi
uni03020309.c	circumflexhoi.cap
uni0302030C	circumflexcaron
uni0302030C.c	circumflexcaron.cap
uni03040300	macrongrave
uni03040300.c	macrongrave.cap
uni03040301	macronacute
uni03040301.c	macronacute.cap
uni03060300	brevegrave
uni03060300.c	brevegrave.cap
uni03060301	breveacute
uni03060301.c	breveacute.cap
uni03060303	brevetilde
uni03060303.c	brevetilde.cap
uni03060309	brevehoi
uni03060309.c	brevehoi.cap
uni03080300	dieresisgrave
uni03080300.c	dieresisgrave.cap
uni03080300.g	dialytikagravecmb
uni03080301	dieresisacute
uni03080301.c	dieresisacute.cap
uni03080303	dieresistilde
uni03080304	dieresismacron
uni03080304.c	dieresismacron.cap
uni0308030C	dieresiscaron
uni0308030C.c	dieresiscaron.cap
uni030A0301	ringacute
uni030A0301.c	ringacute.cap
uni030C0307	carondotaccent
uni030C0307.c	carondotaccent.cap
uni030C0313	caroncomma
uni030C0313.c	caroncomma.cap
uni03120300	aspergravecmb
uni03120301	asperacutecmb
uni03120303	aspertildecmb
uni03130300	lenisgravecmb
uni03130301	lenisacutecmb
uni03130303	lenistildecmb
uni034F	CGJ
uni2318	command
uni2325	option
uni2326	deleteright
uni232B	delete
uni21E7	shift
uni2303	control
uni2007	figurespace
uni2009	thinspace
uni200A	hairspace
uni200B	ZWS
uni202F	NNBS
uniFEFF	ZWNBS
space.frac	space.frac
fi	fi	uniFB01
fl	fl	uniFB02
t_h_e_y	they
t_h_e_i_r	their
T_h_e_y	They
T_h_e_i_r	Their
T_H_E_Y	THEY
T_H_E_I_R	THEIR
uni002E002D0029	hariod
uni002E002D0028	sariod
uni0021002D0029	haxclam
uni0021002D0028	saxclam
uni003F002D0029	huestion
uni003F002D0028	suestion
uni0021002D0029.s	haxclam.sc
uni0021002D0028.s	saxclam.sc
uni003F002D0029.s	huestion.sc
uni003F002D0028.s	suestion.sc
